platform_id	probe_id	gene_symbol	source_gene_field	multi_probe_gene	mapping_status
GPL570	1554018_at	GPNMB	Gene symbol	true	neurofate_axis_probe
GPL570	1554544_a_at	MBP	Gene symbol	true	neurofate_axis_probe
GPL570	1559206_at	PSEN1	Gene symbol	true	neurofate_axis_probe
GPL570	1567440_at	PSEN1	Gene symbol	true	neurofate_axis_probe
GPL570	1567443_x_at	PSEN1	Gene symbol	true	neurofate_axis_probe
GPL570	1568934_at	CX3CR1	Gene symbol	true	neurofate_axis_probe
GPL570	200602_at	APP	Gene symbol	true	neurofate_axis_probe
GPL570	201141_at	GPNMB	Gene symbol	true	neurofate_axis_probe
GPL570	201891_s_at	B2M	Gene symbol	true	neurofate_axis_probe
GPL570	203381_s_at	APOE	Gene symbol	true	neurofate_axis_probe
GPL570	203382_s_at	APOE	Gene symbol	true	neurofate_axis_probe
GPL570	203460_s_at	PSEN1	Gene symbol	true	neurofate_axis_probe
GPL570	203539_s_at	GFAP	Gene symbol	true	neurofate_axis_probe
GPL570	203540_at	GFAP	Gene symbol	true	neurofate_axis_probe
GPL570	203928_x_at	MAPT	Gene symbol	true	neurofate_axis_probe
GPL570	203929_s_at	MAPT	Gene symbol	true	neurofate_axis_probe
GPL570	203930_s_at	MAPT	Gene symbol	true	neurofate_axis_probe
GPL570	204122_at	TYROBP	Gene symbol	false	neurofate_axis_probe
GPL570	204229_at	SLC17A7	Gene symbol	true	neurofate_axis_probe
GPL570	204230_s_at	SLC17A7	Gene symbol	true	neurofate_axis_probe
GPL570	204261_s_at	PSEN2	Gene symbol	true	neurofate_axis_probe
GPL570	204262_s_at	PSEN2	Gene symbol	true	neurofate_axis_probe
GPL570	204466_s_at	SNCA	Gene symbol	true	neurofate_axis_probe
GPL570	204467_s_at	SNCA	Gene symbol	true	neurofate_axis_probe
GPL570	205067_at	IL1B	Gene symbol	true	neurofate_axis_probe
GPL570	205113_at	NEFM	Gene symbol	true	neurofate_axis_probe
GPL570	205336_at	PVALB	Gene symbol	false	neurofate_axis_probe
GPL570	205898_at	CX3CR1	Gene symbol	true	neurofate_axis_probe
GPL570	206401_s_at	MAPT	Gene symbol	true	neurofate_axis_probe
GPL570	207113_s_at	TNF	Gene symbol	false	neurofate_axis_probe
GPL570	207323_s_at	MBP	Gene symbol	true	neurofate_axis_probe
GPL570	207659_s_at	MOBP	Gene symbol	true	neurofate_axis_probe
GPL570	207782_s_at	PSEN1	Gene symbol	true	neurofate_axis_probe
GPL570	207823_s_at	AIF1	Gene symbol	true	neurofate_axis_probe
GPL570	207827_x_at	SNCA	Gene symbol	true	neurofate_axis_probe
GPL570	208894_at	HLA-DRA	Gene symbol	true	neurofate_axis_probe
GPL570	209018_s_at	PINK1	Gene symbol	true	neurofate_axis_probe
GPL570	209019_s_at	PINK1	Gene symbol	true	neurofate_axis_probe
GPL570	209072_at	MBP	Gene symbol	true	neurofate_axis_probe
GPL570	209239_at	NFKB1	Gene symbol	false	neurofate_axis_probe
GPL570	209901_x_at	AIF1	Gene symbol	true	neurofate_axis_probe
GPL570	210136_at	MBP	Gene symbol	true	neurofate_axis_probe
GPL570	210193_at	MOBP	Gene symbol	true	neurofate_axis_probe
GPL570	210198_s_at	PLP1	Gene symbol	false	neurofate_axis_probe
GPL570	210982_s_at	HLA-DRA	Gene symbol	true	neurofate_axis_probe
GPL570	211277_x_at	APP	Gene symbol	true	neurofate_axis_probe
GPL570	211373_s_at	PSEN2	Gene symbol	true	neurofate_axis_probe
GPL570	211546_x_at	SNCA	Gene symbol	true	neurofate_axis_probe
GPL570	212884_x_at	APOE	Gene symbol	true	neurofate_axis_probe
GPL570	213095_x_at	AIF1	Gene symbol	true	neurofate_axis_probe
GPL570	213921_at	SST	Gene symbol	false	neurofate_axis_probe
GPL570	214953_s_at	APP	Gene symbol	true	neurofate_axis_probe
GPL570	215051_x_at	AIF1	Gene symbol	true	neurofate_axis_probe
GPL570	216231_s_at	B2M	Gene symbol	true	neurofate_axis_probe
GPL570	216567_at	MBP	Gene symbol	true	neurofate_axis_probe
GPL570	219463_at	LAMP5	Gene symbol	false	neurofate_axis_probe
GPL570	219725_at	TREM2	Gene symbol	false	neurofate_axis_probe
GPL570	221801_x_at	NEFL	Gene symbol	true	neurofate_axis_probe
GPL570	221805_at	NEFL	Gene symbol	true	neurofate_axis_probe
GPL570	221916_at	NEFL	Gene symbol	true	neurofate_axis_probe
GPL570	223902_at	NEFM	Gene symbol	true	neurofate_axis_probe
GPL570	224102_at	P2RY12	Gene symbol	true	neurofate_axis_probe
GPL570	225379_at	MAPT	Gene symbol	true	neurofate_axis_probe
GPL570	225407_at	MBP	Gene symbol	true	neurofate_axis_probe
GPL570	225408_at	MBP	Gene symbol	true	neurofate_axis_probe
GPL570	226577_at	PSEN1	Gene symbol	true	neurofate_axis_probe
GPL570	228938_at	MBP	Gene symbol	true	neurofate_axis_probe
GPL570	229259_at	GFAP	Gene symbol	true	neurofate_axis_probe
GPL570	229584_at	LRRK2	Gene symbol	false	neurofate_axis_probe
GPL570	232311_at	B2M	Gene symbol	true	neurofate_axis_probe
GPL570	233117_at	MAPT	Gene symbol	true	neurofate_axis_probe
GPL570	235794_at	MOBP	Gene symbol	true	neurofate_axis_probe
GPL570	235885_at	P2RY12	Gene symbol	true	neurofate_axis_probe
GPL570	236081_at	SNCA	Gene symbol	true	neurofate_axis_probe
GPL570	236324_at	MBP	Gene symbol	true	neurofate_axis_probe
GPL570	238816_at	PSEN1	Gene symbol	true	neurofate_axis_probe
GPL570	241717_at	MOBP	Gene symbol	true	neurofate_axis_probe
GPL570	242765_at	MOBP	Gene symbol	true	neurofate_axis_probe
GPL570	39402_at	IL1B	Gene symbol	true	neurofate_axis_probe
