feature_id	feature_group	biological_layer	expected_input	expected_output	status	notes
single_cell_expression_features	transcriptomic_features	single-cell transcriptomics	processed expression matrix or normalized counts	results/tables/single_cell_expression_features.tsv	placeholder	Expression-derived features for future AD/PD cellular-state modeling; no matrix processing yet.
cell_type_labels	cell_annotation	single-cell transcriptomics	curated cell metadata	results/tables/cell_type_labels.tsv	placeholder	Cell-type labels to support neuronal, glial, and immune-state interpretation.
disease_state_labels	clinical_or_disease_annotation	Alzheimer disease and Parkinson disease	curated sample or cell metadata	results/tables/disease_state_labels.tsv	placeholder	Disease/control/state labels for future supervised and comparative analyses.
pseudotime_trajectory_features	trajectory_features	cell fate dynamics	future lightweight trajectory summary table	results/tables/pseudotime_trajectory_features.tsv	placeholder	Pseudotime or trajectory features are registered only; no trajectory inference is executed.
microbiome_metabolite_features	gut_brain_axis_features	microbiome/metabolite layer	curated microbiome or metabolite signature table	results/tables/microbiome_metabolite_features.tsv	placeholder	Gut-brain microbial/metabolite features from manually curated sources.
protein_interaction_features	network_features	protein interaction/network biology	STRING/PPI edge table or graph summary	results/tables/protein_interaction_features.tsv	placeholder	Network-derived summaries for future systems-biology interpretation.
evolutionary_conservation_features	evolutionary_features	evolutionary conservation	ortholog or conservation score table	results/tables/evolutionary_conservation_features.tsv	placeholder	Conservation features from manually registered evolutionary resources.
positive_selection_features	evolutionary_features	positive selection	selection or dN/dS summary table	results/tables/positive_selection_features.tsv	placeholder	Positive-selection features registered as future external table inputs.
multimodal_neurofate_score	model_output	multimodal AI/fate prediction	integrated feature matrix	results/tables/multimodal_neurofate_score.tsv	placeholder	Future interpretable NeuroFate score; no model training or inference yet.
